11101	*****Dummy_Data_For_11101*****	309	-	17.5
11102	*****Dummy_Data_For_11102*****	37	-	17.5
11103	*****Dummy_Data_For_11103*****	331	-	16.5
11104	*****Dummy_Data_For_11104*****	378	-	16.5
11105	*****Dummy_Data_For_11105*****	835	-	17
11106	*****Dummy_Data_For_11106*****	879	-	16.5
11107	*****Dummy_Data_For_11107*****	226	-	16.5
11108	*****Dummy_Data_For_11108*****	660	-	16.5
11109	*****Dummy_Data_For_11109*****	34	-	16.5
11110	*****Dummy_Data_For_11110*****	828	-	16.5
11201	*****Dummy_Data_For_11201*****	351	-	24
11202	*****Dummy_Data_For_11202*****	720	-	23
11203	*****Dummy_Data_For_11203*****	421	-	23
11204	*****Dummy_Data_For_11204*****	921	-	24
11205	*****Dummy_Data_For_11205*****	901	-	25
11206	*****Dummy_Data_For_11206*****	480	-	22.5
11207	*****Dummy_Data_For_11207*****	581	-	24
11208	*****Dummy_Data_For_11208*****	758	-	24
11209	*****Dummy_Data_For_11209*****	127	-	24
11210	*****Dummy_Data_For_11210*****	369	-	23
12101	*****Dummy_Data_For_12101*****	942	31/01/2022	18
12102	*****Dummy_Data_For_12102*****	446	25/02/2022	17
12103	*****Dummy_Data_For_12103*****	141	30/03/2022	13
12104	*****Dummy_Data_For_12104*****	983	10/04/2022	16
12105	*****Dummy_Data_For_12105*****	657	12/05/2022	19
12106	*****Dummy_Data_For_12106*****	336	22/06/2022	14.5
12107	*****Dummy_Data_For_12107*****	441	30/07/2022	17
12108	*****Dummy_Data_For_12108*****	361	31/08/2022	15.5
12109	*****Dummy_Data_For_12109*****	50	30/09/2022	15.5
12110	*****Dummy_Data_For_12110*****	673	10/10/2022	14.5
12111	*****Dummy_Data_For_12111*****	725	11/11/2022	16
12112	*****Dummy_Data_For_12112*****	652	25/12/2022	13.5
12113	*****Dummy_Data_For_12113*****	128	31/01/2022	18
12114	*****Dummy_Data_For_12114*****	533	25/02/2022	13
12115	*****Dummy_Data_For_12115*****	437	30/03/2022	14
12116	*****Dummy_Data_For_12116*****	822	10/04/2022	13.5
12117	*****Dummy_Data_For_12117*****	380	12/05/2022	14.5
12118	*****Dummy_Data_For_12118*****	465	22/06/2022	19
12119	*****Dummy_Data_For_12119*****	701	30/07/2022	17
12120	*****Dummy_Data_For_12120*****	407	31/08/2022	15.5
12201	*****Dummy_Data_For_12201*****	267	30/09/2022	29.5
12202	*****Dummy_Data_For_12202*****	598	10/10/2022	29
12203	*****Dummy_Data_For_12203*****	458	11/11/2022	37
12204	*****Dummy_Data_For_12204*****	326	25/12/2022	36
12205	*****Dummy_Data_For_12205*****	175	31/01/2022	30
12206	*****Dummy_Data_For_12206*****	751	25/02/2022	30.5
12207	*****Dummy_Data_For_12207*****	741	30/03/2022	34
12208	*****Dummy_Data_For_12208*****	246	10/04/2022	31
12209	*****Dummy_Data_For_12209*****	232	12/05/2022	29.5
12210	*****Dummy_Data_For_12210*****	392	22/06/2022	36.5
13101	*****Dummy_Data_For_13101*****	447	30/07/2022	30.5
13102	*****Dummy_Data_For_13102*****	297	31/08/2022	30.5
13103	*****Dummy_Data_For_13103*****	607	30/09/2022	30
13104	*****Dummy_Data_For_13104*****	796	10/10/2022	26
13105	*****Dummy_Data_For_13105*****	726	11/11/2022	30.5
13201	*****Dummy_Data_For_13201*****	811	25/12/2022	35
13202	*****Dummy_Data_For_13202*****	704	31/01/2022	40
13203	*****Dummy_Data_For_13203*****	226	25/02/2022	40
13204	*****Dummy_Data_For_13204*****	501	30/03/2022	31.5
13205	*****Dummy_Data_For_13205*****	742	10/04/2022	38
13206	*****Dummy_Data_For_13206*****	117	12/05/2022	33.5
13207	*****Dummy_Data_For_13207*****	192	22/06/2022	32.5
13208	*****Dummy_Data_For_13208*****	678	30/07/2022	32.5
13209	*****Dummy_Data_For_13209*****	690	31/08/2022	34.5
13210	*****Dummy_Data_For_13210*****	311	30/09/2022	36.5
13211	*****Dummy_Data_For_13211*****	579	10/10/2022	40
13212	*****Dummy_Data_For_13212*****	947	11/11/2022	36.5
13213	*****Dummy_Data_For_13213*****	187	25/12/2022	36
13214	*****Dummy_Data_For_13214*****	940	31/01/2022	39.5
13215	*****Dummy_Data_For_13215*****	764	25/02/2022	36
14101	*****Dummy_Data_For_14101*****	750	30/03/2022	34.5
14102	*****Dummy_Data_For_14102*****	717	10/04/2022	33.5
14103	*****Dummy_Data_For_14103*****	288	12/05/2022	37
14104	*****Dummy_Data_For_14104*****	442	22/06/2022	32
14105	*****Dummy_Data_For_14105*****	519	30/07/2022	33.5
14106	*****Dummy_Data_For_14106*****	690	31/08/2022	34.5
14107	*****Dummy_Data_For_14107*****	645	30/09/2022	36
14108	*****Dummy_Data_For_14108*****	213	10/10/2022	32.5
14109	*****Dummy_Data_For_14109*****	873	11/11/2022	32.5
14110	*****Dummy_Data_For_14110*****	8	25/12/2022	34
14201	*****Dummy_Data_For_14201*****	610	31/01/2022	40.5
14202	*****Dummy_Data_For_14202*****	403	25/02/2022	43
14203	*****Dummy_Data_For_14203*****	98	30/03/2022	38.5
14204	*****Dummy_Data_For_14204*****	941	10/04/2022	40
14205	*****Dummy_Data_For_14205*****	916	12/05/2022	41
14206	*****Dummy_Data_For_14206*****	30	22/06/2022	42
14207	*****Dummy_Data_For_14207*****	462	30/07/2022	38.5
14208	*****Dummy_Data_For_14208*****	625	31/08/2022	39
14209	*****Dummy_Data_For_14209*****	261	30/09/2022	39
14210	*****Dummy_Data_For_14210*****	327	10/10/2022	38.5
15101	*****Dummy_Data_For_15101*****	682	11/11/2022	29.5
15102	*****Dummy_Data_For_15102*****	154	25/12/2022	29
15103	*****Dummy_Data_For_15103*****	656	31/01/2022	26
15104	*****Dummy_Data_For_15104*****	613	25/02/2022	37.5
15105	*****Dummy_Data_For_15105*****	157	30/03/2022	34.5
15106	*****Dummy_Data_For_15106*****	449	10/04/2022	36.5
15107	*****Dummy_Data_For_15107*****	118	12/05/2022	28.5
15108	*****Dummy_Data_For_15108*****	269	22/06/2022	36
15109	*****Dummy_Data_For_15109*****	730	30/07/2022	34
15110	*****Dummy_Data_For_15110*****	492	31/08/2022	34.5
21111	*****Dummy_Data_For_21111*****	675	30/09/2022	49
21112	*****Dummy_Data_For_21112*****	332	10/10/2022	35
21113	*****Dummy_Data_For_21113*****	974	11/11/2022	35.5
21114	*****Dummy_Data_For_21114*****	512	25/12/2022	35.5
21115	*****Dummy_Data_For_21115*****	203	31/01/2022	49
21116	*****Dummy_Data_For_21116*****	741	25/02/2022	31
21117	*****Dummy_Data_For_21117*****	808	30/03/2022	48
21118	*****Dummy_Data_For_21118*****	888	10/04/2022	31
21119	*****Dummy_Data_For_21119*****	723	12/05/2022	29
21120	*****Dummy_Data_For_21120*****	731	22/06/2022	25
21121	*****Dummy_Data_For_21121*****	751	30/07/2022	36
21122	*****Dummy_Data_For_21122*****	717	31/08/2022	26
21123	*****Dummy_Data_For_21123*****	330	30/09/2022	47
21124	*****Dummy_Data_For_21124*****	458	10/10/2022	46
21125	*****Dummy_Data_For_21125*****	713	11/11/2022	34.5
21126	*****Dummy_Data_For_21126*****	346	25/12/2022	43
21127	*****Dummy_Data_For_21127*****	130	31/01/2022	27
21128	*****Dummy_Data_For_21128*****	787	25/02/2022	39.5
21129	*****Dummy_Data_For_21129*****	563	30/03/2022	41.5
21130	*****Dummy_Data_For_21130*****	431	10/04/2022	26.5
21131	*****Dummy_Data_For_21131*****	412	12/05/2022	31
21132	*****Dummy_Data_For_21132*****	286	22/06/2022	50
21133	*****Dummy_Data_For_21133*****	95	30/07/2022	30
21134	*****Dummy_Data_For_21134*****	995	31/08/2022	49.5
21135	*****Dummy_Data_For_21135*****	993	30/09/2022	29
21201	*****Dummy_Data_For_21201*****	543	10/10/2022	53.5
21202	*****Dummy_Data_For_21202*****	209	11/11/2022	55.5
21203	*****Dummy_Data_For_21203*****	428	25/12/2022	53
21204	*****Dummy_Data_For_21204*****	70	31/01/2022	53
21205	*****Dummy_Data_For_21205*****	234	25/02/2022	52.5
21206	*****Dummy_Data_For_21206*****	602	30/03/2022	51
21207	*****Dummy_Data_For_21207*****	867	10/04/2022	50.5
21208	*****Dummy_Data_For_21208*****	525	12/05/2022	54.5
21209	*****Dummy_Data_For_21209*****	129	22/06/2022	52
21210	*****Dummy_Data_For_21210*****	976	30/07/2022	50
21211	*****Dummy_Data_For_21211*****	858	31/08/2022	56.5
21212	*****Dummy_Data_For_21212*****	314	30/09/2022	56
21213	*****Dummy_Data_For_21213*****	351	10/10/2022	60
21214	*****Dummy_Data_For_21214*****	345	11/11/2022	60
21215	*****Dummy_Data_For_21215*****	372	25/12/2022	52
21216	*****Dummy_Data_For_21216*****	895	31/01/2022	54.5
21217	*****Dummy_Data_For_21217*****	59	25/02/2022	62.5
21218	*****Dummy_Data_For_21218*****	617	30/03/2022	55
21219	*****Dummy_Data_For_21219*****	943	10/04/2022	51
21220	*****Dummy_Data_For_21220*****	425	12/05/2022	62.5
21221	*****Dummy_Data_For_21221*****	47	22/06/2022	56.5
21222	*****Dummy_Data_For_21222*****	58	30/07/2022	60.5
21223	*****Dummy_Data_For_21223*****	471	31/08/2022	57.5
21224	*****Dummy_Data_For_21224*****	58	30/09/2022	50.5
21225	*****Dummy_Data_For_21225*****	887	10/10/2022	55
21226	*****Dummy_Data_For_21226*****	783	11/11/2022	55.5
21227	*****Dummy_Data_For_21227*****	962	25/12/2022	50.5
21228	*****Dummy_Data_For_21228*****	460	31/01/2022	61
21229	*****Dummy_Data_For_21229*****	64	25/02/2022	60.5
21230	*****Dummy_Data_For_21230*****	123	30/03/2022	55
21231	*****Dummy_Data_For_21231*****	58	10/04/2022	58.5
21232	*****Dummy_Data_For_21232*****	940	12/05/2022	55.5
21233	*****Dummy_Data_For_21233*****	336	22/06/2022	54.5
21234	*****Dummy_Data_For_21234*****	16	30/07/2022	55.5
21235	*****Dummy_Data_For_21235*****	788	31/08/2022	58
22101	*****Dummy_Data_For_22101*****	424	30/09/2022	34.5
22102	*****Dummy_Data_For_22102*****	986	10/10/2022	40.5
22103	*****Dummy_Data_For_22103*****	878	11/11/2022	40
22104	*****Dummy_Data_For_22104*****	434	25/12/2022	30.5
22105	*****Dummy_Data_For_22105*****	478	31/01/2022	42
22106	*****Dummy_Data_For_22106*****	178	25/02/2022	25.5
22107	*****Dummy_Data_For_22107*****	523	30/03/2022	40
22108	*****Dummy_Data_For_22108*****	590	10/04/2022	38.5
22109	*****Dummy_Data_For_22109*****	657	12/05/2022	33
22110	*****Dummy_Data_For_22110*****	875	22/06/2022	33.5
22111	*****Dummy_Data_For_22111*****	742	30/07/2022	40
22112	*****Dummy_Data_For_22112*****	251	31/08/2022	32
22113	*****Dummy_Data_For_22113*****	274	30/09/2022	26.5
22114	*****Dummy_Data_For_22114*****	235	10/10/2022	45
22115	*****Dummy_Data_For_22115*****	333	11/11/2022	36.5
22116	*****Dummy_Data_For_22116*****	968	25/12/2022	43
22117	*****Dummy_Data_For_22117*****	879	31/01/2022	32.5
22118	*****Dummy_Data_For_22118*****	383	25/02/2022	38.5
22119	*****Dummy_Data_For_22119*****	849	30/03/2022	47
22120	*****Dummy_Data_For_22120*****	46	10/04/2022	41.5
22121	*****Dummy_Data_For_22121*****	604	12/05/2022	25.5
22122	*****Dummy_Data_For_22122*****	417	22/06/2022	46.5
22123	*****Dummy_Data_For_22123*****	858	30/07/2022	27
22124	*****Dummy_Data_For_22124*****	872	31/08/2022	46.5
22125	*****Dummy_Data_For_22125*****	1000	30/09/2022	33.5
22126	*****Dummy_Data_For_22126*****	706	10/10/2022	31
22127	*****Dummy_Data_For_22127*****	940	11/11/2022	27
22128	*****Dummy_Data_For_22128*****	768	25/12/2022	30
22129	*****Dummy_Data_For_22129*****	524	31/01/2022	33
22130	*****Dummy_Data_For_22130*****	20	25/02/2022	36
22201	*****Dummy_Data_For_22201*****	236	30/03/2022	40.5
22202	*****Dummy_Data_For_22202*****	0	10/04/2022	61.5
22203	*****Dummy_Data_For_22203*****	233	12/05/2022	52
22204	*****Dummy_Data_For_22204*****	398	22/06/2022	49.5
22205	*****Dummy_Data_For_22205*****	496	30/07/2022	44.5
22206	*****Dummy_Data_For_22206*****	280	31/08/2022	44.5
22207	*****Dummy_Data_For_22207*****	883	30/09/2022	54.5
22208	*****Dummy_Data_For_22208*****	3	10/10/2022	53
22209	*****Dummy_Data_For_22209*****	353	11/11/2022	59
22210	*****Dummy_Data_For_22210*****	825	25/12/2022	55.5
31101	*****Dummy_Data_For_31101*****	481	31/01/2022	34
32101	*****Dummy_Data_For_32101*****	787	25/02/2022	46.5
33101	*****Dummy_Data_For_33101*****	390	30/03/2022	47
33102	*****Dummy_Data_For_33102*****	771	10/04/2022	26
33103	*****Dummy_Data_For_33103*****	597	12/05/2022	50.5
34101	*****Dummy_Data_For_34101*****	321	22/06/2022	45.5
34102	*****Dummy_Data_For_34102*****	998	30/07/2022	42.5
34103	*****Dummy_Data_For_34103*****	665	31/08/2022	45.5
34104	*****Dummy_Data_For_34104*****	295	30/09/2022	51
34105	*****Dummy_Data_For_34105*****	306	10/10/2022	61
34106	*****Dummy_Data_For_34106*****	973	11/11/2022	50.5
34107	*****Dummy_Data_For_34107*****	900	25/12/2022	39
34108	*****Dummy_Data_For_34108*****	308	31/01/2022	55
34109	*****Dummy_Data_For_34109*****	350	25/02/2022	39.5
34110	*****Dummy_Data_For_34110*****	191	30/03/2022	56.5
34111	*****Dummy_Data_For_34111*****	318	10/04/2022	61.5
34112	*****Dummy_Data_For_34112*****	19	12/05/2022	45
34113	*****Dummy_Data_For_34113*****	748	22/06/2022	48.5
34114	*****Dummy_Data_For_34114*****	656	30/07/2022	40.5
34115	*****Dummy_Data_For_34115*****	579	31/08/2022	50.5
34116	*****Dummy_Data_For_34116*****	548	30/09/2022	45.5
34117	*****Dummy_Data_For_34117*****	825	10/10/2022	44.5
34118	*****Dummy_Data_For_34118*****	281	11/11/2022	38.5
34119	*****Dummy_Data_For_34119*****	693	25/12/2022	61.5
34120	*****Dummy_Data_For_34120*****	980	31/01/2022	53.5
34121	*****Dummy_Data_For_34121*****	504	25/02/2022	62
34122	*****Dummy_Data_For_34122*****	640	30/03/2022	54
34123	*****Dummy_Data_For_34123*****	736	10/04/2022	45
34124	*****Dummy_Data_For_34124*****	75	12/05/2022	38.5
34125	*****Dummy_Data_For_34125*****	402	22/06/2022	42.5
34126	*****Dummy_Data_For_34126*****	115	30/07/2022	58.5
34127	*****Dummy_Data_For_34127*****	827	31/08/2022	46
34128	*****Dummy_Data_For_34128*****	99	30/09/2022	52.5
34129	*****Dummy_Data_For_34129*****	525	10/10/2022	42
34130	*****Dummy_Data_For_34130*****	901	11/11/2022	38.5
34131	*****Dummy_Data_For_34131*****	566	25/12/2022	43
34132	*****Dummy_Data_For_34132*****	492	31/01/2022	57
34133	*****Dummy_Data_For_34133*****	835	25/02/2022	62
34134	*****Dummy_Data_For_34134*****	617	30/03/2022	57
34135	*****Dummy_Data_For_34135*****	211	10/04/2022	43.5
35101	*****Dummy_Data_For_35101*****	90	12/05/2022	40.5
35102	*****Dummy_Data_For_35102*****	70	22/06/2022	44
35103	*****Dummy_Data_For_35103*****	597	30/07/2022	43.5
35104	*****Dummy_Data_For_35104*****	561	31/08/2022	40.5
35105	*****Dummy_Data_For_35105*****	584	30/09/2022	43
35201	*****Dummy_Data_For_35201*****	271	10/10/2022	61
35202	*****Dummy_Data_For_35202*****	863	11/11/2022	53.5
35203	*****Dummy_Data_For_35203*****	947	25/12/2022	52.5
35204	*****Dummy_Data_For_35204*****	703	31/01/2022	62.5
35205	*****Dummy_Data_For_35205*****	467	25/02/2022	53
36101	*****Dummy_Data_For_36101*****	350	30/03/2022	26
36102	*****Dummy_Data_For_36102*****	896	10/04/2022	31.5
36103	*****Dummy_Data_For_36103*****	126	12/05/2022	25
36104	*****Dummy_Data_For_36104*****	816	22/06/2022	30.5
36105	*****Dummy_Data_For_36105*****	645	30/07/2022	30.5
36106	*****Dummy_Data_For_36106*****	786	31/08/2022	28.5
36107	*****Dummy_Data_For_36107*****	522	30/09/2022	29.5
36108	*****Dummy_Data_For_36108*****	488	10/10/2022	27
36109	*****Dummy_Data_For_36109*****	198	11/11/2022	25
36110	*****Dummy_Data_For_36110*****	686	25/12/2022	30.5
36111	*****Dummy_Data_For_36111*****	978	31/01/2022	27
36112	*****Dummy_Data_For_36112*****	177	25/02/2022	29
36113	*****Dummy_Data_For_36113*****	281	30/03/2022	29.5
36114	*****Dummy_Data_For_36114*****	787	10/04/2022	28.5
36115	*****Dummy_Data_For_36115*****	15	12/05/2022	29
37101	*****Dummy_Data_For_37101*****	467	22/06/2022	28
37102	*****Dummy_Data_For_37102*****	761	30/07/2022	29.5
37103	*****Dummy_Data_For_37103*****	742	31/08/2022	30
37104	*****Dummy_Data_For_37104*****	501	30/09/2022	27
37105	*****Dummy_Data_For_37105*****	12	10/10/2022	29.5
38101	*****Dummy_Data_For_38101*****	49	11/11/2022	39
38102	*****Dummy_Data_For_38102*****	922	25/12/2022	39
38103	*****Dummy_Data_For_38103*****	855	31/01/2022	42
38104	*****Dummy_Data_For_38104*****	945	25/02/2022	42
38105	*****Dummy_Data_For_38105*****	991	30/03/2022	38.5
38106	*****Dummy_Data_For_38106*****	498	10/04/2022	42
38107	*****Dummy_Data_For_38107*****	280	12/05/2022	39
38108	*****Dummy_Data_For_38108*****	757	22/06/2022	37.5
38109	*****Dummy_Data_For_38109*****	267	30/07/2022	42
38110	*****Dummy_Data_For_38110*****	649	31/08/2022	41
39101	*****Dummy_Data_For_39101*****	87	30/09/2022	49.5
39102	*****Dummy_Data_For_39102*****	648	10/10/2022	40.5
39103	*****Dummy_Data_For_39103*****	399	11/11/2022	41
39104	*****Dummy_Data_For_39104*****	681	25/12/2022	44.5
39105	*****Dummy_Data_For_39105*****	942	31/01/2022	41
39106	*****Dummy_Data_For_39106*****	971	25/02/2022	41.5
39107	*****Dummy_Data_For_39107*****	605	30/03/2022	40.5
39108	*****Dummy_Data_For_39108*****	925	10/04/2022	41.5
39109	*****Dummy_Data_For_39109*****	450	12/05/2022	40.5
39110	*****Dummy_Data_For_39110*****	67	22/06/2022	46
39111	*****Dummy_Data_For_39111*****	770	30/07/2022	47
39112	*****Dummy_Data_For_39112*****	142	31/08/2022	46
39113	*****Dummy_Data_For_39113*****	449	30/09/2022	50
39114	*****Dummy_Data_For_39114*****	382	10/10/2022	44
39115	*****Dummy_Data_For_39115*****	90	11/11/2022	37.5
39116	*****Dummy_Data_For_39116*****	198	25/12/2022	40.5
39117	*****Dummy_Data_For_39117*****	150	31/01/2022	38
39118	*****Dummy_Data_For_39118*****	248	25/02/2022	46
39119	*****Dummy_Data_For_39119*****	422	30/03/2022	39
39120	*****Dummy_Data_For_39120*****	633	10/04/2022	37.5
41101	*****Dummy_Data_For_41101*****	79	-	122
41102	*****Dummy_Data_For_41102*****	596	-	92.5
41103	*****Dummy_Data_For_41103*****	76	-	106.5
41104	*****Dummy_Data_For_41104*****	511	-	90.5
41105	*****Dummy_Data_For_41105*****	388	-	78
41106	*****Dummy_Data_For_41106*****	332	-	120
41107	*****Dummy_Data_For_41107*****	873	-	104
41108	*****Dummy_Data_For_41108*****	679	-	101
41109	*****Dummy_Data_For_41109*****	336	-	122.5
41110	*****Dummy_Data_For_41110*****	744	-	105.5
41111	*****Dummy_Data_For_41111*****	185	-	119.5
41112	*****Dummy_Data_For_41112*****	138	-	117
41113	*****Dummy_Data_For_41113*****	430	-	81
41114	*****Dummy_Data_For_41114*****	248	-	103.5
41115	*****Dummy_Data_For_41115*****	698	-	114.5
41116	*****Dummy_Data_For_41116*****	445	-	89.5
41117	*****Dummy_Data_For_41117*****	495	-	108.5
41118	*****Dummy_Data_For_41118*****	916	-	110
41119	*****Dummy_Data_For_41119*****	29	-	103
41120	*****Dummy_Data_For_41120*****	388	-	122
41121	*****Dummy_Data_For_41121*****	320	-	119.5
41122	*****Dummy_Data_For_41122*****	73	-	88.5
41123	*****Dummy_Data_For_41123*****	598	-	103
41124	*****Dummy_Data_For_41124*****	816	-	84.5
41125	*****Dummy_Data_For_41125*****	975	-	81.5
41126	*****Dummy_Data_For_41126*****	920	-	112.5
41127	*****Dummy_Data_For_41127*****	73	-	117.5
41128	*****Dummy_Data_For_41128*****	184	-	95.5
41129	*****Dummy_Data_For_41129*****	333	-	104
41130	*****Dummy_Data_For_41130*****	793	-	110.5
41131	*****Dummy_Data_For_41131*****	354	-	110.5
41132	*****Dummy_Data_For_41132*****	555	-	91
41133	*****Dummy_Data_For_41133*****	311	-	119.5
41134	*****Dummy_Data_For_41134*****	481	-	117
41135	*****Dummy_Data_For_41135*****	728	-	101
41201	*****Dummy_Data_For_41201*****	372	-	174
41202	*****Dummy_Data_For_41202*****	122	-	172
41203	*****Dummy_Data_For_41203*****	626	-	204.5
41204	*****Dummy_Data_For_41204*****	502	-	203
41205	*****Dummy_Data_For_41205*****	643	-	177
41206	*****Dummy_Data_For_41206*****	751	-	163
41207	*****Dummy_Data_For_41207*****	863	-	228
41208	*****Dummy_Data_For_41208*****	360	-	154.5
41209	*****Dummy_Data_For_41209*****	408	-	196
41210	*****Dummy_Data_For_41210*****	861	-	169
41211	*****Dummy_Data_For_41211*****	375	-	131.5
41212	*****Dummy_Data_For_41212*****	97	-	156
41213	*****Dummy_Data_For_41213*****	931	-	229.5
41214	*****Dummy_Data_For_41214*****	4	-	236.5
41215	*****Dummy_Data_For_41215*****	915	-	166
41216	*****Dummy_Data_For_41216*****	317	-	244
41217	*****Dummy_Data_For_41217*****	284	-	133.5
41218	*****Dummy_Data_For_41218*****	967	-	246.5
41219	*****Dummy_Data_For_41219*****	70	-	126
41220	*****Dummy_Data_For_41220*****	99	-	142
41221	*****Dummy_Data_For_41221*****	373	-	185
41222	*****Dummy_Data_For_41222*****	671	-	179
41223	*****Dummy_Data_For_41223*****	563	-	197
41224	*****Dummy_Data_For_41224*****	238	-	211.5
41225	*****Dummy_Data_For_41225*****	762	-	133
41226	*****Dummy_Data_For_41226*****	947	-	190.5
41227	*****Dummy_Data_For_41227*****	273	-	140
41228	*****Dummy_Data_For_41228*****	548	-	225.5
41229	*****Dummy_Data_For_41229*****	84	-	247.5
41230	*****Dummy_Data_For_41230*****	788	-	167
41231	*****Dummy_Data_For_41231*****	569	-	136
41232	*****Dummy_Data_For_41232*****	239	-	212.5
41233	*****Dummy_Data_For_41233*****	600	-	194
41234	*****Dummy_Data_For_41234*****	420	-	171.5
41235	*****Dummy_Data_For_41235*****	926	-	212.5
41236	*****Dummy_Data_For_41236*****	69	-	162
41237	*****Dummy_Data_For_41237*****	463	-	147.5
41238	*****Dummy_Data_For_41238*****	455	-	190
41239	*****Dummy_Data_For_41239*****	752	-	165
41240	*****Dummy_Data_For_41240*****	299	-	242.5
41241	*****Dummy_Data_For_41241*****	224	-	156.5
41242	*****Dummy_Data_For_41242*****	303	-	136
41243	*****Dummy_Data_For_41243*****	120	-	159
41244	*****Dummy_Data_For_41244*****	861	-	184.5
41245	*****Dummy_Data_For_41245*****	861	-	170
41246	*****Dummy_Data_For_41246*****	420	-	177.5
41247	*****Dummy_Data_For_41247*****	260	-	178
41248	*****Dummy_Data_For_41248*****	974	-	215
41249	*****Dummy_Data_For_41249*****	19	-	189
41250	*****Dummy_Data_For_41250*****	404	-	231.5
41251	*****Dummy_Data_For_41251*****	311	-	228
41252	*****Dummy_Data_For_41252*****	798	-	183
41253	*****Dummy_Data_For_41253*****	415	-	201
41254	*****Dummy_Data_For_41254*****	18	-	127
41255	*****Dummy_Data_For_41255*****	179	-	244
41256	*****Dummy_Data_For_41256*****	406	-	159.5
41257	*****Dummy_Data_For_41257*****	913	-	227
41258	*****Dummy_Data_For_41258*****	902	-	167.5
41259	*****Dummy_Data_For_41259*****	332	-	141.5
41260	*****Dummy_Data_For_41260*****	96	-	248.5
42101	*****Dummy_Data_For_42101*****	600	-	479.5
42102	*****Dummy_Data_For_42102*****	156	-	938.5
42103	*****Dummy_Data_For_42103*****	310	-	780
42104	*****Dummy_Data_For_42104*****	943	-	1116
42105	*****Dummy_Data_For_42105*****	846	-	845
51106	*****Dummy_Data_For_51106*****	773	31/01/2022	497
51107	*****Dummy_Data_For_51107*****	367	25/02/2022	432
51108	*****Dummy_Data_For_51108*****	966	30/03/2022	378.5
51109	*****Dummy_Data_For_51109*****	43	10/04/2022	369.5
51110	*****Dummy_Data_For_51110*****	680	12/05/2022	453.5
51111	*****Dummy_Data_For_51111*****	835	22/06/2022	318
51112	*****Dummy_Data_For_51112*****	682	30/07/2022	438.5
51113	*****Dummy_Data_For_51113*****	746	31/08/2022	327
51114	*****Dummy_Data_For_51114*****	351	30/09/2022	257
51115	*****Dummy_Data_For_51115*****	884	10/10/2022	318
51116	*****Dummy_Data_For_51116*****	514	11/11/2022	366.5
51117	*****Dummy_Data_For_51117*****	214	25/12/2022	407.5
51118	*****Dummy_Data_For_51118*****	208	31/01/2022	402
51119	*****Dummy_Data_For_51119*****	25	25/02/2022	296.5
51120	*****Dummy_Data_For_51120*****	402	30/03/2022	362.5
51121	*****Dummy_Data_For_51121*****	146	10/04/2022	276
51122	*****Dummy_Data_For_51122*****	577	31/01/2022	381.5
51123	*****Dummy_Data_For_51123*****	77	25/02/2022	498
51124	*****Dummy_Data_For_51124*****	443	30/03/2022	364
51125	*****Dummy_Data_For_51125*****	521	10/04/2022	484.5
51126	*****Dummy_Data_For_51126*****	59	12/05/2022	388
51127	*****Dummy_Data_For_51127*****	463	22/06/2022	262
51128	*****Dummy_Data_For_51128*****	896	30/07/2022	362
51129	*****Dummy_Data_For_51129*****	970	31/08/2022	341
51130	*****Dummy_Data_For_51130*****	463	30/09/2022	333.5
51131	*****Dummy_Data_For_51131*****	792	10/10/2022	446.5
51132	*****Dummy_Data_For_51132*****	150	11/11/2022	283.5
51133	*****Dummy_Data_For_51133*****	617	25/12/2022	345.5
51134	*****Dummy_Data_For_51134*****	882	31/01/2022	312
51135	*****Dummy_Data_For_51135*****	611	25/02/2022	277
51136	*****Dummy_Data_For_51136*****	994	30/03/2022	472
51137	*****Dummy_Data_For_51137*****	257	10/04/2022	251
51138	*****Dummy_Data_For_51138*****	962	31/01/2022	303.5
51139	*****Dummy_Data_For_51139*****	907	25/02/2022	431.5
51140	*****Dummy_Data_For_51140*****	186	30/03/2022	332.5
51141	*****Dummy_Data_For_51141*****	229	10/04/2022	363.5
51142	*****Dummy_Data_For_51142*****	114	12/05/2022	283.5
51143	*****Dummy_Data_For_51143*****	446	22/06/2022	257.5
51144	*****Dummy_Data_For_51144*****	295	30/07/2022	455
51145	*****Dummy_Data_For_51145*****	143	31/08/2022	349
51146	*****Dummy_Data_For_51146*****	428	30/09/2022	339.5
51147	*****Dummy_Data_For_51147*****	528	10/10/2022	476
51148	*****Dummy_Data_For_51148*****	466	11/11/2022	473.5
51149	*****Dummy_Data_For_51149*****	135	25/12/2022	469
51150	*****Dummy_Data_For_51150*****	886	31/01/2022	413.5
51151	*****Dummy_Data_For_51151*****	208	25/02/2022	394
51152	*****Dummy_Data_For_51152*****	678	30/03/2022	393.5
51153	*****Dummy_Data_For_51153*****	575	10/04/2022	267.5
51154	*****Dummy_Data_For_51154*****	173	31/01/2022	434.5
51155	*****Dummy_Data_For_51155*****	280	25/02/2022	366
61156	*****Dummy_Data_For_61156*****	381	30/03/2022	373
61157	*****Dummy_Data_For_61157*****	181	10/04/2022	315
61158	*****Dummy_Data_For_61158*****	989	12/05/2022	341
61159	*****Dummy_Data_For_61159*****	15	22/06/2022	357
61160	*****Dummy_Data_For_61160*****	513	30/07/2022	294
61161	*****Dummy_Data_For_61161*****	105	31/08/2022	346.5
61162	*****Dummy_Data_For_61162*****	574	30/09/2022	371.5
61163	*****Dummy_Data_For_61163*****	285	10/10/2022	347.5
61164	*****Dummy_Data_For_61164*****	994	11/11/2022	304.5
61165	*****Dummy_Data_For_61165*****	987	25/12/2022	334.5
61166	*****Dummy_Data_For_61166*****	946	31/01/2022	314.5
61167	*****Dummy_Data_For_61167*****	38	25/02/2022	323.5
61168	*****Dummy_Data_For_61168*****	735	30/03/2022	367.5
61169	*****Dummy_Data_For_61169*****	576	10/04/2022	338.5
61170	*****Dummy_Data_For_61170*****	734	31/01/2022	281.5
61171	*****Dummy_Data_For_61171*****	152	25/02/2022	302
61172	*****Dummy_Data_For_61172*****	302	30/03/2022	332.5
61173	*****Dummy_Data_For_61173*****	533	10/04/2022	357
61174	*****Dummy_Data_For_61174*****	989	12/05/2022	262
61175	*****Dummy_Data_For_61175*****	418	22/06/2022	265.5
61176	*****Dummy_Data_For_61176*****	861	30/07/2022	350
61177	*****Dummy_Data_For_61177*****	496	31/08/2022	307.5
61178	*****Dummy_Data_For_61178*****	829	30/09/2022	262
61179	*****Dummy_Data_For_61179*****	886	10/10/2022	364
61180	*****Dummy_Data_For_61180*****	190	11/11/2022	313.5
61181	*****Dummy_Data_For_61181*****	397	25/12/2022	335
61182	*****Dummy_Data_For_61182*****	750	31/01/2022	253
61183	*****Dummy_Data_For_61183*****	251	25/02/2022	261
61184	*****Dummy_Data_For_61184*****	607	30/03/2022	370.5
61185	*****Dummy_Data_For_61185*****	48	10/04/2022	344.5
61186	*****Dummy_Data_For_61186*****	43	31/01/2022	287
61187	*****Dummy_Data_For_61187*****	704	25/02/2022	298
61188	*****Dummy_Data_For_61188*****	200	30/03/2022	344
61189	*****Dummy_Data_For_61189*****	59	10/04/2022	367
61190	*****Dummy_Data_For_61190*****	857	12/05/2022	299
62101	*****Dummy_Data_For_62101*****	876	22/06/2022	317.5
62102	*****Dummy_Data_For_62102*****	872	30/07/2022	332
62103	*****Dummy_Data_For_62103*****	853	31/08/2022	260.5
62104	*****Dummy_Data_For_62104*****	51	30/09/2022	255.5
62105	*****Dummy_Data_For_62105*****	13	10/10/2022	283
62106	*****Dummy_Data_For_62106*****	227	11/11/2022	250.5
62107	*****Dummy_Data_For_62107*****	565	25/12/2022	361.5
62108	*****Dummy_Data_For_62108*****	177	31/01/2022	330.5
62109	*****Dummy_Data_For_62109*****	119	25/02/2022	309.5
62110	*****Dummy_Data_For_62110*****	734	30/03/2022	338
62111	*****Dummy_Data_For_62111*****	681	10/04/2022	262.5
62112	*****Dummy_Data_For_62112*****	267	31/01/2022	341
62113	*****Dummy_Data_For_62113*****	799	25/02/2022	277
62114	*****Dummy_Data_For_62114*****	679	30/03/2022	351
62115	*****Dummy_Data_For_62115*****	813	10/04/2022	330
